canonical_url	basename	suggested_public_path	pages
https://cdn.prod.website-files.com/6022af993a6b2191db3ed10c/628298b20ae0236682d4b87f_Play-24.svg	628298b20ae0236682d4b87f_Play-24.svg		home
https://cdn.prod.website-files.com/6022af993a6b2191db3ed10c/628299f8aa233b83918e24fd_Pause.svg	628299f8aa233b83918e24fd_Pause.svg		home
https://cdn.prod.website-files.com/66960cd818ae832322f0b81c/669793882cb0c771d200ea3c_Background Effect.svg	669793882cb0c771d200ea3c_Background Effect.svg		home-two
https://cdn.prod.website-files.com/66960cd818ae832322f0b81c/669fa0fa3d63db8a5c64148b_7670836-hd_1920_1080_30fps-poster-00001.jpg	669fa0fa3d63db8a5c64148b_7670836-hd_1920_1080_30fps-poster-00001.jpg		home-three,home-two
https://cdn.prod.website-files.com/66960cd818ae832322f0b81c/669fa0fa3d63db8a5c64148b_7670836-hd_1920_1080_30fps-transcode.mp4	669fa0fa3d63db8a5c64148b_7670836-hd_1920_1080_30fps-transcode.mp4		home-three,home-two
https://cdn.prod.website-files.com/66960cd818ae832322f0b81c/66a0831a8e908b0a64c82237_3163534-hd_1920_1080_30fps-poster-00001.jpg	66a0831a8e908b0a64c82237_3163534-hd_1920_1080_30fps-poster-00001.jpg		home-two
https://cdn.prod.website-files.com/66960cd818ae832322f0b81c/66a0831a8e908b0a64c82237_3163534-hd_1920_1080_30fps-transcode.mp4	66a0831a8e908b0a64c82237_3163534-hd_1920_1080_30fps-transcode.mp4		home-two
https://cdn.prod.website-files.com/66960cd818ae832322f0b81c/66a084b767bd9499656a51a5_3129576-hd_1920_1080_30fps-poster-00001.jpg	66a084b767bd9499656a51a5_3129576-hd_1920_1080_30fps-poster-00001.jpg		home-two
https://cdn.prod.website-files.com/66960cd818ae832322f0b81c/66a084b767bd9499656a51a5_3129576-hd_1920_1080_30fps-transcode.mp4	66a084b767bd9499656a51a5_3129576-hd_1920_1080_30fps-transcode.mp4		home-two
https://cdn.prod.website-files.com/66960cd818ae832322f0b81c/66a0b905b5a47945ab4d9f30_7565824-hd_2048_1080_25fps %281%29-poster-00001.jpg	66a0b905b5a47945ab4d9f30_7565824-hd_2048_1080_25fps (1)-poster-00001.jpg		home-two
https://cdn.prod.website-files.com/66960cd818ae832322f0b81c/66a0b905b5a47945ab4d9f30_7565824-hd_2048_1080_25fps %281%29-transcode.mp4	66a0b905b5a47945ab4d9f30_7565824-hd_2048_1080_25fps (1)-transcode.mp4		home-two
https://cdn.prod.website-files.com/67547d896ca857205d0d89a6/67547d896ca857205d0d89ef_Star 1.svg	67547d896ca857205d0d89ef_Star 1.svg		home,about-two,contact-two,home-three,service-details,service-two
https://cdn.prod.website-files.com/67547d896ca857205d0d89a6/67547d896ca857205d0d89f0_icon 2.svg	67547d896ca857205d0d89f0_icon 2.svg		home,home-three
https://cdn.prod.website-files.com/67547d896ca857205d0d89a6/67547d896ca857205d0d89f1_icon.svg	67547d896ca857205d0d89f1_icon.svg		home,home-three
https://cdn.prod.website-files.com/67547d896ca857205d0d89a6/67547d896ca857205d0d89f2_Subtract.svg	67547d896ca857205d0d89f2_Subtract.svg		home
https://cdn.prod.website-files.com/67547d896ca857205d0d89a6/67547d896ca857205d0d89f3_White Arrow.svg	67547d896ca857205d0d89f3_White Arrow.svg		home,about,about-two,blog,blog-two,careers,contact-one,contact-two,contact-us,home-three,home-two,portfolio,portfolio-details/devinas-enterprises,portfolio-details/kings-enterprise-nv,portfolio-details/smart-connexxionz,portfolio-details/the-coffee-box,portfolio-two,service-details,service-one,service-two,services
https://cdn.prod.website-files.com/67547d896ca857205d0d89a6/67547d896ca857205d0d89f4_Grey Arrow.svg	67547d896ca857205d0d89f4_Grey Arrow.svg		home,home-two,portfolio,portfolio-two
https://cdn.prod.website-files.com/67547d896ca857205d0d89a6/67547d896ca857205d0d89fa_Icon 3.svg	67547d896ca857205d0d89fa_Icon 3.svg		home-three
https://cdn.prod.website-files.com/67547d896ca857205d0d89a6/67547d896ca857205d0d89fb_Icon 5.svg	67547d896ca857205d0d89fb_Icon 5.svg		home-three
https://cdn.prod.website-files.com/67547d896ca857205d0d89a6/67547d896ca857205d0d89fc_Icon 4.svg	67547d896ca857205d0d89fc_Icon 4.svg		home-three
https://cdn.prod.website-files.com/67547d896ca857205d0d89a6/67547d896ca857205d0d89fd_Background Effect.svg	67547d896ca857205d0d89fd_Background Effect.svg		home-two,service-one
https://cdn.prod.website-files.com/67547d896ca857205d0d89a6/67547d896ca857205d0d8a05_Client 4.webp	67547d896ca857205d0d8a05_Client 4.webp		home-two,service-details,service-one
https://cdn.prod.website-files.com/67547d896ca857205d0d89a6/67547d896ca857205d0d8a06_Testimonial Logo 4.svg	67547d896ca857205d0d8a06_Testimonial Logo 4.svg		home-three,home-two,service-details,service-one
https://cdn.prod.website-files.com/67547d896ca857205d0d89a6/67547d896ca857205d0d8a07_Quote Icon.svg	67547d896ca857205d0d8a07_Quote Icon.svg		home-two,service-details,service-one,service-two
https://cdn.prod.website-files.com/67547d896ca857205d0d89a6/67547d896ca857205d0d8a08_Client 1.webp	67547d896ca857205d0d8a08_Client 1.webp		home-two,service-details,service-one,service-two
https://cdn.prod.website-files.com/67547d896ca857205d0d89a6/67547d896ca857205d0d8a09_Client 2.webp	67547d896ca857205d0d8a09_Client 2.webp		home-two,service-details,service-one,service-two
https://cdn.prod.website-files.com/67547d896ca857205d0d89a6/67547d896ca857205d0d8a0a_Client 3.webp	67547d896ca857205d0d8a0a_Client 3.webp		home-two,service-details,service-one
https://cdn.prod.website-files.com/67547d896ca857205d0d89a6/67547d896ca857205d0d8a0b_Testimonial Logo 3.svg	67547d896ca857205d0d8a0b_Testimonial Logo 3.svg		home-three,home-two,service-details,service-one
https://cdn.prod.website-files.com/67547d896ca857205d0d89a6/67547d896ca857205d0d8a0c_Testimonial Logo 2.svg	67547d896ca857205d0d8a0c_Testimonial Logo 2.svg		home-three,home-two,service-details,service-one,service-two
https://cdn.prod.website-files.com/67547d896ca857205d0d89a6/67547d896ca857205d0d8a0d_Testimonial Logo 1.svg	67547d896ca857205d0d8a0d_Testimonial Logo 1.svg		home-three,home-two,service-details,service-one,service-two
https://cdn.prod.website-files.com/67547d896ca857205d0d89a6/67547d896ca857205d0d8a0e_logo 4.svg	67547d896ca857205d0d8a0e_logo 4.svg		about-two,home-three,home-two,service-details,service-one,service-two,services
https://cdn.prod.website-files.com/67547d896ca857205d0d89a6/67547d896ca857205d0d8a0f_logo 8.svg	67547d896ca857205d0d8a0f_logo 8.svg		about-two,home-three,home-two,service-details,service-one,service-two,services
https://cdn.prod.website-files.com/67547d896ca857205d0d89a6/67547d896ca857205d0d8a10_logo 1.svg	67547d896ca857205d0d8a10_logo 1.svg		about-two,home-three,home-two,service-details,service-one,service-two,services
https://cdn.prod.website-files.com/67547d896ca857205d0d89a6/67547d896ca857205d0d8a11_logo 7.svg	67547d896ca857205d0d8a11_logo 7.svg		about-two,home-three,home-two,service-details,service-two,services
https://cdn.prod.website-files.com/67547d896ca857205d0d89a6/67547d896ca857205d0d8a12_logo 2.svg	67547d896ca857205d0d8a12_logo 2.svg		about-two,home-three,home-two,service-details,service-one,service-two,services
https://cdn.prod.website-files.com/67547d896ca857205d0d89a6/67547d896ca857205d0d8a13_logo 9.svg	67547d896ca857205d0d8a13_logo 9.svg		about-two,home-three,home-two,service-details,service-one,service-two,services
https://cdn.prod.website-files.com/67547d896ca857205d0d89a6/67547d896ca857205d0d8a14_logo 12.svg	67547d896ca857205d0d8a14_logo 12.svg		about-two,home-three,home-two,service-details,service-one,service-two,services
https://cdn.prod.website-files.com/67547d896ca857205d0d89a6/67547d896ca857205d0d8a15_logo 3.svg	67547d896ca857205d0d8a15_logo 3.svg		about-two,home-three,home-two,service-details,service-one,service-two,services
https://cdn.prod.website-files.com/67547d896ca857205d0d89a6/67547d896ca857205d0d8a16_logo 10.svg	67547d896ca857205d0d8a16_logo 10.svg		about-two,home-three,home-two,service-details,service-one,service-two,services
https://cdn.prod.website-files.com/67547d896ca857205d0d89a6/67547d896ca857205d0d8a17_logo 11.svg	67547d896ca857205d0d8a17_logo 11.svg		about-two,home-three,home-two,service-details,service-one,service-two,services
https://cdn.prod.website-files.com/67547d896ca857205d0d89a6/67547d896ca857205d0d8a18_logo 6.svg	67547d896ca857205d0d8a18_logo 6.svg		about-two,home-three,home-two,service-details,service-one,service-two,services
https://cdn.prod.website-files.com/67547d896ca857205d0d89a6/67547d896ca857205d0d8a19_logo 5.svg	67547d896ca857205d0d8a19_logo 5.svg		about-two,home-three,home-two,service-details,service-one,service-two,services
https://cdn.prod.website-files.com/67547d896ca857205d0d89a6/67547d896ca857205d0d8a1a_Brand Logo.svg	67547d896ca857205d0d8a1a_Brand Logo.svg		home-two
https://cdn.prod.website-files.com/67547d896ca857205d0d89a6/67547d896ca857205d0d8a1b_Phone Icon.svg	67547d896ca857205d0d8a1b_Phone Icon.svg		home,about,about-two,blog,blog-two,careers,contact-one,contact-two,contact-us,home-three,portfolio,portfolio-details/devinas-enterprises,portfolio-details/kings-enterprise-nv,portfolio-details/smart-connexxionz,portfolio-details/the-coffee-box,portfolio-two,service-details,service-one,service-two,services
https://cdn.prod.website-files.com/67547d896ca857205d0d89a6/67547d896ca857205d0d8a2d_Orange Radial.svg	67547d896ca857205d0d8a2d_Orange Radial.svg		home-two
https://cdn.prod.website-files.com/67547d896ca857205d0d89a6/67547d896ca857205d0d8a2e_Blue Radial.svg	67547d896ca857205d0d8a2e_Blue Radial.svg		home-two
https://cdn.prod.website-files.com/67547d896ca857205d0d89a6/67547d896ca857205d0d8a2f_Linked In.svg	67547d896ca857205d0d8a2f_Linked In.svg		home,about,blog,careers,contact-one,contact-us,home-two,portfolio,portfolio-details/devinas-enterprises,portfolio-details/kings-enterprise-nv,portfolio-details/smart-connexxionz,portfolio-details/the-coffee-box,portfolio-two,service-details,service-one,service-two,services
https://cdn.prod.website-files.com/67547d896ca857205d0d89a6/67547d896ca857205d0d8a30_Skype.svg	67547d896ca857205d0d8a30_Skype.svg		contact-one,contact-us,home-two
https://cdn.prod.website-files.com/67547d896ca857205d0d89a6/67547d896ca857205d0d8a31_Twitter.svg	67547d896ca857205d0d8a31_Twitter.svg		contact-one,contact-us,home-two
https://cdn.prod.website-files.com/67547d896ca857205d0d89a6/67547d896ca857205d0d8a32_Idea.webp	67547d896ca857205d0d8a32_Idea.webp		home-two
https://cdn.prod.website-files.com/67547d896ca857205d0d89a6/67547d896ca857205d0d8a33_Home Two Banner.webp	67547d896ca857205d0d8a33_Home Two Banner.webp		home-two
https://cdn.prod.website-files.com/67547d896ca857205d0d89a6/67547d896ca857205d0d8a34_Like.webp	67547d896ca857205d0d8a34_Like.webp		home-two
https://cdn.prod.website-files.com/67547d896ca857205d0d89a6/67547d896ca857205d0d8a35_Home Two Banner Two.webp	67547d896ca857205d0d8a35_Home Two Banner Two.webp		home-two
https://cdn.prod.website-files.com/67547d896ca857205d0d89a6/67547d896ca857205d0d8a36_Star.svg	67547d896ca857205d0d8a36_Star.svg		home-two
https://cdn.prod.website-files.com/67547d896ca857205d0d89a6/67547d896ca857205d0d8a37_Service Two.avif	67547d896ca857205d0d8a37_Service Two.avif		home-two
https://cdn.prod.website-files.com/67547d896ca857205d0d89a6/67547d896ca857205d0d8a38_Service One.avif	67547d896ca857205d0d8a38_Service One.avif		home-two
https://cdn.prod.website-files.com/67547d896ca857205d0d89a6/67547d896ca857205d0d8a39_White Arrow.svg	67547d896ca857205d0d8a39_White Arrow.svg		service-two
https://cdn.prod.website-files.com/67547d896ca857205d0d89a6/67547d896ca857205d0d8a48_Brunch Office.svg	67547d896ca857205d0d8a48_Brunch Office.svg		home-two
https://cdn.prod.website-files.com/67547d896ca857205d0d89a6/67547d896ca857205d0d8a4b_Award.svg	67547d896ca857205d0d8a4b_Award.svg		home-two
https://cdn.prod.website-files.com/67547d896ca857205d0d89a6/67547d896ca857205d0d8a4c_Design Agency.svg	67547d896ca857205d0d8a4c_Design Agency.svg		home-two
https://cdn.prod.website-files.com/67547d896ca857205d0d89a6/67547d896ca857205d0d8a4d_Trophy.svg	67547d896ca857205d0d8a4d_Trophy.svg		home-two
https://cdn.prod.website-files.com/67547d896ca857205d0d89a6/67547d896ca857205d0d8a56_Phone.svg	67547d896ca857205d0d8a56_Phone.svg		home,about,blog,careers,contact-us,home-two,portfolio,portfolio-details/devinas-enterprises,portfolio-details/kings-enterprise-nv,portfolio-details/smart-connexxionz,portfolio-details/the-coffee-box,portfolio-two,service-details,service-one,service-two,services
https://cdn.prod.website-files.com/67547d896ca857205d0d89a6/67547d896ca857205d0d8a57_Mail.svg	67547d896ca857205d0d8a57_Mail.svg		home,about,blog,careers,contact-us,home-two,portfolio,portfolio-details/devinas-enterprises,portfolio-details/kings-enterprise-nv,portfolio-details/smart-connexxionz,portfolio-details/the-coffee-box,portfolio-two,service-details,service-one,service-two,services
https://cdn.prod.website-files.com/67547d896ca857205d0d89a6/67547d896ca857205d0d8a59_Service Three.avif	67547d896ca857205d0d8a59_Service Three.avif		home-two
https://cdn.prod.website-files.com/67547d896ca857205d0d89a6/67547d896ca857205d0d8a71_Review 1.avif	67547d896ca857205d0d8a71_Review 1.avif		about-two,contact-two,home-three
https://cdn.prod.website-files.com/67547d896ca857205d0d89a6/67547d896ca857205d0d8a72_Review 2.avif	67547d896ca857205d0d8a72_Review 2.avif		about-two,contact-two,home-three
https://cdn.prod.website-files.com/67547d896ca857205d0d89a6/67547d896ca857205d0d8a73_Review 3.avif	67547d896ca857205d0d8a73_Review 3.avif		about-two,contact-two,home-three
https://cdn.prod.website-files.com/67547d896ca857205d0d89a6/67547d896ca857205d0d8a74_text section.svg	67547d896ca857205d0d8a74_text section.svg		home-three,service-one
https://cdn.prod.website-files.com/67547d896ca857205d0d89a6/67547d896ca857205d0d8a75_round text.webp	67547d896ca857205d0d8a75_round text.webp		home-three,service-one
https://cdn.prod.website-files.com/67547d896ca857205d0d89a6/67547d896ca857205d0d8a76_Shape.svg	67547d896ca857205d0d8a76_Shape.svg		home-three
https://cdn.prod.website-files.com/67547d896ca857205d0d89a6/67547d896ca857205d0d8a77_Icon 7.svg	67547d896ca857205d0d8a77_Icon 7.svg		home-three
https://cdn.prod.website-files.com/67547d896ca857205d0d89a6/67547d896ca857205d0d8a78_Icon 6.svg	67547d896ca857205d0d8a78_Icon 6.svg		home-three
https://cdn.prod.website-files.com/67547d896ca857205d0d89a6/67547d896ca857205d0d8a79_web-browser 1.webp	67547d896ca857205d0d8a79_web-browser 1.webp		home-three
https://cdn.prod.website-files.com/67547d896ca857205d0d89a6/67547d896ca857205d0d8a7a_Home Three Solution.svg	67547d896ca857205d0d8a7a_Home Three Solution.svg		home-three
https://cdn.prod.website-files.com/67547d896ca857205d0d89a6/67547d896ca857205d0d8a7b_1.webp	67547d896ca857205d0d8a7b_1.webp		home-three
https://cdn.prod.website-files.com/67547d896ca857205d0d89a6/67547d896ca857205d0d8a7c_2.webp	67547d896ca857205d0d8a7c_2.webp		home-three
https://cdn.prod.website-files.com/67547d896ca857205d0d89a6/67547d896ca857205d0d8a7d_3.webp	67547d896ca857205d0d8a7d_3.webp		home-three
https://cdn.prod.website-files.com/67547d896ca857205d0d89a6/67547d896ca857205d0d8a7e_Old Man 3D Image.webp	67547d896ca857205d0d8a7e_Old Man 3D Image.webp		home-three
https://cdn.prod.website-files.com/67547d896ca857205d0d89a6/67547d896ca857205d0d8ac2_Testimonial Logo 7.svg	67547d896ca857205d0d8ac2_Testimonial Logo 7.svg		home-three
https://cdn.prod.website-files.com/67547d896ca857205d0d89a6/67547d896ca857205d0d8ac3_Testimonial Logo 5.svg	67547d896ca857205d0d8ac3_Testimonial Logo 5.svg		home-three
https://cdn.prod.website-files.com/67547d896ca857205d0d89a6/67547d896ca857205d0d8ac4_Testimonial Logo 6.svg	67547d896ca857205d0d8ac4_Testimonial Logo 6.svg		home-three
https://cdn.prod.website-files.com/67547d896ca857205d0d89a6/67547d896ca857205d0d8ac7_Icon 11.svg	67547d896ca857205d0d8ac7_Icon 11.svg		about
https://cdn.prod.website-files.com/67547d896ca857205d0d89a6/67547d896ca857205d0d8ac8_Icon 8.svg	67547d896ca857205d0d8ac8_Icon 8.svg		about
https://cdn.prod.website-files.com/67547d896ca857205d0d89a6/67547d896ca857205d0d8ac9_Icon 10.svg	67547d896ca857205d0d8ac9_Icon 10.svg		about
https://cdn.prod.website-files.com/67547d896ca857205d0d89a6/67547d896ca857205d0d8ace_Icon 9.svg	67547d896ca857205d0d8ace_Icon 9.svg		about
https://cdn.prod.website-files.com/67547d896ca857205d0d89a6/67547d896ca857205d0d8acf_Faq Arrow.svg	67547d896ca857205d0d8acf_Faq Arrow.svg		about-two,contact-one,service-details
https://cdn.prod.website-files.com/67547d896ca857205d0d89a6/67547d896ca857205d0d8b0c_Phone.svg	67547d896ca857205d0d8b0c_Phone.svg		home,about,about-two,blog,blog-two,careers,contact-one,contact-two,contact-us,home-three,home-two,portfolio,portfolio-details/devinas-enterprises,portfolio-details/kings-enterprise-nv,portfolio-details/smart-connexxionz,portfolio-details/the-coffee-box,portfolio-two,service-details,service-one,service-two,services
https://cdn.prod.website-files.com/67547d896ca857205d0d89a6/67547d896ca857205d0d8b0d_Location.svg	67547d896ca857205d0d8b0d_Location.svg		home,about,about-two,blog,blog-two,careers,contact-one,contact-two,contact-us,home-three,home-two,portfolio,portfolio-details/devinas-enterprises,portfolio-details/kings-enterprise-nv,portfolio-details/smart-connexxionz,portfolio-details/the-coffee-box,portfolio-two,service-details,service-one,service-two,services
https://cdn.prod.website-files.com/67547d896ca857205d0d89a6/67547d896ca857205d0d8b0e_Mail.svg	67547d896ca857205d0d8b0e_Mail.svg		home,about,about-two,blog,blog-two,careers,contact-one,contact-two,contact-us,home-three,home-two,portfolio,portfolio-details/devinas-enterprises,portfolio-details/kings-enterprise-nv,portfolio-details/smart-connexxionz,portfolio-details/the-coffee-box,portfolio-two,service-details,service-one,service-two,services
https://cdn.prod.website-files.com/67547d896ca857205d0d89a6/67547d896ca857205d0d8b0f_Facebook.svg	67547d896ca857205d0d8b0f_Facebook.svg		home,about,about-two,blog,blog-two,careers,contact-one,contact-two,contact-us,home-three,home-two,portfolio,portfolio-details/devinas-enterprises,portfolio-details/kings-enterprise-nv,portfolio-details/smart-connexxionz,portfolio-details/the-coffee-box,portfolio-two,service-details,service-one,service-two,services
https://cdn.prod.website-files.com/67547d896ca857205d0d89a6/67547d896ca857205d0d8b10_Pinterest.svg	67547d896ca857205d0d8b10_Pinterest.svg		home-two
https://cdn.prod.website-files.com/67547d896ca857205d0d89a6/67547d896ca857205d0d8b11_Dribble.svg	67547d896ca857205d0d8b11_Dribble.svg		home-two
https://cdn.prod.website-files.com/67547d896ca857205d0d89a6/67547d896ca857205d0d8b1c_Linkedin.svg	67547d896ca857205d0d8b1c_Linkedin.svg		home,about,about-two,blog,blog-two,careers,contact-one,contact-two,contact-us,home-three,home-two,portfolio,portfolio-details/devinas-enterprises,portfolio-details/kings-enterprise-nv,portfolio-details/smart-connexxionz,portfolio-details/the-coffee-box,portfolio-two,service-details,service-one,service-two,services
https://cdn.prod.website-files.com/67547d896ca857205d0d89a6/67547d896ca857205d0d8b23_Service One Banner.avif	67547d896ca857205d0d8b23_Service One Banner.avif		home-two
https://cdn.prod.website-files.com/67547d896ca857205d0d89a6/67547d896ca857205d0d8b28_%2B.svg	67547d896ca857205d0d8b28_+.svg		service-details,service-one,service-two,services
https://cdn.prod.website-files.com/67547d896ca857205d0d89a6/67547d896ca857205d0d8b2a_Check.svg	67547d896ca857205d0d8b2a_Check.svg		service-one,service-two
https://cdn.prod.website-files.com/67547d896ca857205d0d89a6/67547d896ca857205d0d8b35_Icon 1.svg	67547d896ca857205d0d8b35_Icon 1.svg		service-two
https://cdn.prod.website-files.com/67547d896ca857205d0d89a6/67547d896ca857205d0d8b36_Icon 2.svg	67547d896ca857205d0d8b36_Icon 2.svg		service-two
https://cdn.prod.website-files.com/67547d896ca857205d0d89a6/67547d896ca857205d0d8b37_Icon 3.svg	67547d896ca857205d0d8b37_Icon 3.svg		service-two
https://cdn.prod.website-files.com/67547d896ca857205d0d89a6/67547d896ca857205d0d8b38_Icon 5.svg	67547d896ca857205d0d8b38_Icon 5.svg		service-two
https://cdn.prod.website-files.com/67547d896ca857205d0d89a6/67547d896ca857205d0d8b39_Icon 4.svg	67547d896ca857205d0d8b39_Icon 4.svg		service-details,service-two
https://cdn.prod.website-files.com/67547d896ca857205d0d89a6/67547d896ca857205d0d8b3a_Icon 6.svg	67547d896ca857205d0d8b3a_Icon 6.svg		service-two
https://cdn.prod.website-files.com/67547d896ca857205d0d89a6/67547d896ca857205d0d8b3b_Why Chose Us Service Two.avif	67547d896ca857205d0d8b3b_Why Chose Us Service Two.avif		service-two
https://cdn.prod.website-files.com/67547d896ca857205d0d89a6/67547d896ca857205d0d8b3c_Check.svg	67547d896ca857205d0d8b3c_Check.svg		service-two
https://cdn.prod.website-files.com/67547d896ca857205d0d89a6/67547d896ca857205d0d8b3d_Service Two.avif	67547d896ca857205d0d8b3d_Service Two.avif		service-two
https://cdn.prod.website-files.com/67547d896ca857205d0d89a6/67547d896ca857205d0d8b3f_2.svg	67547d896ca857205d0d8b3f_2.svg		services
https://cdn.prod.website-files.com/67547d896ca857205d0d89a6/67547d896ca857205d0d8b40_1.svg	67547d896ca857205d0d8b40_1.svg		services
https://cdn.prod.website-files.com/67547d896ca857205d0d89a6/67547d896ca857205d0d8b41_3.svg	67547d896ca857205d0d8b41_3.svg		services
https://cdn.prod.website-files.com/67547d896ca857205d0d89a6/67547d896ca857205d0d8b42_4.svg	67547d896ca857205d0d8b42_4.svg		services
https://cdn.prod.website-files.com/67547d896ca857205d0d89a6/67547d896ca857205d0d8b4f_Icon 3.svg	67547d896ca857205d0d8b4f_Icon 3.svg		services
https://cdn.prod.website-files.com/67547d896ca857205d0d89a6/67547d896ca857205d0d8b50_Icon 1.svg	67547d896ca857205d0d8b50_Icon 1.svg		services
https://cdn.prod.website-files.com/67547d896ca857205d0d89a6/67547d896ca857205d0d8b51_Icon 2.svg	67547d896ca857205d0d8b51_Icon 2.svg		services
https://cdn.prod.website-files.com/67547d896ca857205d0d89a6/67547d896ca857205d0d8b54_White Arrow (6).svg	67547d896ca857205d0d8b54_White Arrow (6).svg		services
https://cdn.prod.website-files.com/67547d896ca857205d0d89a6/67547d896ca857205d0d8b59_Our Team FAQ.avif	67547d896ca857205d0d8b59_Our Team FAQ.avif		service-details
https://cdn.prod.website-files.com/67547d896ca857205d0d89a6/67547d896ca857205d0d8b67_Bg dot effect.svg	67547d896ca857205d0d8b67_Bg dot effect.svg		contact-one
https://cdn.prod.website-files.com/67547d896ca857205d0d89a6/67547d896ca857205d0d8b68_Get in touch contact.webp	67547d896ca857205d0d8b68_Get in touch contact.webp		contact-one
https://cdn.prod.website-files.com/67547d896ca857205d0d89a6/67547d896ca857205d0d8b69_Phone.svg	67547d896ca857205d0d8b69_Phone.svg		contact-one
https://cdn.prod.website-files.com/67547d896ca857205d0d89a6/67547d896ca857205d0d8b6a_Share.svg	67547d896ca857205d0d8b6a_Share.svg		contact-one
https://cdn.prod.website-files.com/67547d896ca857205d0d89a6/67547d896ca857205d0d8b6b_Location.svg	67547d896ca857205d0d8b6b_Location.svg		contact-one
https://cdn.prod.website-files.com/67547d896ca857205d0d89a6/67547d896ca857205d0d8b6c_Mail.svg	67547d896ca857205d0d8b6c_Mail.svg		contact-one
https://cdn.prod.website-files.com/67547d896ca857205d0d89a6/67547d896ca857205d0d8b6d_Contact Two CTA.avif	67547d896ca857205d0d8b6d_Contact Two CTA.avif		contact-two
https://cdn.prod.website-files.com/67547d896ca857205d0d89a6/67547d896ca857205d0d8b6e_Support.svg	67547d896ca857205d0d8b6e_Support.svg		contact-two
https://cdn.prod.website-files.com/67547d896ca857205d0d89a6/67547d896ca857205d0d8b6f_Handshake.svg	67547d896ca857205d0d8b6f_Handshake.svg		contact-two
https://cdn.prod.website-files.com/67547d896ca857205d0d89a6/67547d896ca857205d0d8b70_Bill.svg	67547d896ca857205d0d8b70_Bill.svg		contact-two
https://cdn.prod.website-files.com/67547d896ca857205d0d89a6/67547d896ca857205d0d8b88_Bg image 5.webp	67547d896ca857205d0d8b88_Bg image 5.webp		services
https://cdn.prod.website-files.com/67547d896ca857205d0d89a6/67547d896ca857205d0d8b89_Bg image 4.avif	67547d896ca857205d0d8b89_Bg image 4.avif		services
https://cdn.prod.website-files.com/67547d896ca857205d0d89a6/67547d896ca857205d0d8b8a_Bg image 3.webp	67547d896ca857205d0d8b8a_Bg image 3.webp		services
https://cdn.prod.website-files.com/67547d896ca857205d0d89a6/67547d896ca857205d0d8b8b_Bg image 1.webp	67547d896ca857205d0d8b8b_Bg image 1.webp		services
https://cdn.prod.website-files.com/67547d896ca857205d0d89a6/67547d896ca857205d0d8b8c_Bg image 2.webp	67547d896ca857205d0d8b8c_Bg image 2.webp		services
https://cdn.prod.website-files.com/67547d896ca857205d0d89a6/67547d896ca857205d0d8b8d_facebook.svg	67547d896ca857205d0d8b8d_facebook.svg		home,about,blog,careers,contact-us,home-two,portfolio,portfolio-details/devinas-enterprises,portfolio-details/kings-enterprise-nv,portfolio-details/smart-connexxionz,portfolio-details/the-coffee-box,portfolio-two,service-details,service-one,service-two,services
https://cdn.prod.website-files.com/67547d896ca857205d0d89a6/67547d896ca857205d0d8b90_instagram.svg	67547d896ca857205d0d8b90_instagram.svg		home,about,about-two,blog,blog-two,careers,contact-one,contact-two,contact-us,home-three,home-two,portfolio,portfolio-details/devinas-enterprises,portfolio-details/kings-enterprise-nv,portfolio-details/smart-connexxionz,portfolio-details/the-coffee-box,portfolio-two,service-details,service-one,service-two,services
https://cdn.prod.website-files.com/67547d896ca857205d0d89a6/67547d896ca857205d0d8b98_Explore 2.avif	67547d896ca857205d0d8b98_Explore 2.avif		service-details
https://cdn.prod.website-files.com/67547d896ca857205d0d89a6/67547d896ca857205d0d8b99_Explore 3.avif	67547d896ca857205d0d8b99_Explore 3.avif		service-details
https://cdn.prod.website-files.com/67547d896ca857205d0d89a6/67547d896ca857205d0d8b9a_Explore 4.avif	67547d896ca857205d0d8b9a_Explore 4.avif		service-details
https://cdn.prod.website-files.com/67547d896ca857205d0d89a6/67547d896ca857205d0d8b9b_Explore 1.avif	67547d896ca857205d0d8b9b_Explore 1.avif		service-details
https://cdn.prod.website-files.com/67547d896ca857205d0d89a6/67547d896ca857205d0d8b9c_icon (1).svg	67547d896ca857205d0d8b9c_icon (1).svg		service-details
https://cdn.prod.website-files.com/67547d896ca857205d0d89a6/67547d896ca857205d0d8b9d_icon (3).svg	67547d896ca857205d0d8b9d_icon (3).svg		service-details
https://cdn.prod.website-files.com/67547d896ca857205d0d89a6/67547d896ca857205d0d8b9e_icon (2).svg	67547d896ca857205d0d8b9e_icon (2).svg		service-details
https://cdn.prod.website-files.com/67547d896ca857205d0d89a6/67547d896ca857205d0d8b9f_Service Details Full Image.webp	67547d896ca857205d0d8b9f_Service Details Full Image.webp		service-details
https://cdn.prod.website-files.com/67547d896ca857205d0d89a6/67547d896ca857205d0d8ba0_Service Details Banner.webp	67547d896ca857205d0d8ba0_Service Details Banner.webp		service-details
https://cdn.prod.website-files.com/67547d896ca857205d0d89a6/67547d896ca857205d0d8ba3_About Two Banner.avif	67547d896ca857205d0d8ba3_About Two Banner.avif		about-two
https://cdn.prod.website-files.com/67547d896ca857205d0d89a6/67547d896ca857205d0d8c3d_Home One Work Image.webp	67547d896ca857205d0d8c3d_Home One Work Image.webp		service-one
https://cdn.prod.website-files.com/67547d896ca857205d0d89a6/67547d896ca857205d0d8c5d_Career Icon Two (2).svg	67547d896ca857205d0d8c5d_Career Icon Two (2).svg		careers
https://cdn.prod.website-files.com/67547d896ca857205d0d89a6/67547d896ca857205d0d8c5e_Career Icon One (2).svg	67547d896ca857205d0d8c5e_Career Icon One (2).svg		careers
https://cdn.prod.website-files.com/67547d896ca857205d0d89a6/67547d896ca857205d0d8c68_Colorful Image Two.webp	67547d896ca857205d0d8c68_Colorful Image Two.webp		home-three
https://cdn.prod.website-files.com/67547d896ca857205d0d89a6/67547d896ca857205d0d8c69_Colorful Image One.webp	67547d896ca857205d0d8c69_Colorful Image One.webp		home-three
https://cdn.prod.website-files.com/67547d896ca857205d0d89a6/67547d896ca857205d0d8c6a_Colorful Image Three.webp	67547d896ca857205d0d8c6a_Colorful Image Three.webp		home-three
https://cdn.prod.website-files.com/67547d896ca857205d0d89a6/67547d896ca857205d0d8c6b_Business Goal Image Three.webp	67547d896ca857205d0d8c6b_Business Goal Image Three.webp		home,home-three
https://cdn.prod.website-files.com/67547d896ca857205d0d89a6/67547d896ca857205d0d8c78_Business Goal Image Two.webp	67547d896ca857205d0d8c78_Business Goal Image Two.webp		home,home-three
https://cdn.prod.website-files.com/67547d896ca857205d0d89a6/67547d896ca857205d0d8c79_Business Goal Image One.webp	67547d896ca857205d0d8c79_Business Goal Image One.webp		home,home-three
https://cdn.prod.website-files.com/67547d896ca857205d0d89a6/67547d896ca857205d0d8c93_Virtual Image.webp	67547d896ca857205d0d8c93_Virtual Image.webp		about-two
https://cdn.prod.website-files.com/67547d896ca857205d0d89a6/67547d896ca857205d0d8c94_Hotel.webp	67547d896ca857205d0d8c94_Hotel.webp		about-two
https://cdn.prod.website-files.com/67547d896ca857205d0d89a6/67547d896ca857205d0d8c95_Our Members.webp	67547d896ca857205d0d8c95_Our Members.webp		about-two
https://cdn.prod.website-files.com/67547d896ca857205d0d89a6/67547d896ca857205d0d8c96_Working Woman.webp	67547d896ca857205d0d8c96_Working Woman.webp		about-two,service-one
https://cdn.prod.website-files.com/67547d896ca857205d0d89a6/67547d896ca857205d0d8c97_Round Shape.webp	67547d896ca857205d0d8c97_Round Shape.webp		about-two
https://cdn.prod.website-files.com/67547d896ca857205d0d89a6/67547d896ca857205d0d8c98_Notepad.webp	67547d896ca857205d0d8c98_Notepad.webp		about-two
https://cdn.prod.website-files.com/67547d896ca857205d0d89a6/67547d896ca857205d0d8cb1_Icon Two (2).svg	67547d896ca857205d0d8cb1_Icon Two (2).svg		about-two,home-two,service-one
https://cdn.prod.website-files.com/67547d896ca857205d0d89a6/67547d896ca857205d0d8cb2_ex.svg	67547d896ca857205d0d8cb2_ex.svg		about-two,home-two,service-one
https://cdn.prod.website-files.com/67547d896ca857205d0d89a6/67547d896ca857205d0d8cb3_Icon One.svg	67547d896ca857205d0d8cb3_Icon One.svg		about-two,home-two,service-one
https://cdn.prod.website-files.com/67547d896ca857205d0d89a6/67547d896ca857205d0d8cb4_Vector (1).svg	67547d896ca857205d0d8cb4_Vector (1).svg		about-two,home-two,service-one
https://cdn.prod.website-files.com/67547d896ca857205d0d89a6/67547d896ca857205d0d8cb7_Service One Feature Image.webp	67547d896ca857205d0d8cb7_Service One Feature Image.webp		service-one
https://cdn.prod.website-files.com/67547d896ca857205d0d89a6/67547d896ca857205d0d8cb8_Hover Image One (1).webp	67547d896ca857205d0d8cb8_Hover Image One (1).webp		service-one
https://cdn.prod.website-files.com/67547d896ca857205d0d89a6/67547d896ca857205d0d8cba_Gradient Image (1).webp	67547d896ca857205d0d8cba_Gradient Image (1).webp		service-one
https://cdn.prod.website-files.com/67547d896ca857205d0d89a6/67547d896ca857205d0d8cbb_Phone Screen.webp	67547d896ca857205d0d8cbb_Phone Screen.webp		service-one
https://cdn.prod.website-files.com/67547d896ca857205d0d89a6/67547d896ca857205d0d8cbc_Blue Background.webp	67547d896ca857205d0d8cbc_Blue Background.webp		service-one
https://cdn.prod.website-files.com/67547d896ca857205d0d89a6/67547d896ca857205d0d8cbd_Cartoon Image (2).webp	67547d896ca857205d0d8cbd_Cartoon Image (2).webp		service-one
https://cdn.prod.website-files.com/67547d896ca857205d0d89a6/67547d896ca857205d0d8cbe_Service Banner Image (1).webp	67547d896ca857205d0d8cbe_Service Banner Image (1).webp		service-two
https://cdn.prod.website-files.com/67547d896ca857205d0d89a6/67547d896ca857205d0d8cbf_Female Image.webp	67547d896ca857205d0d8cbf_Female Image.webp		services
https://cdn.prod.website-files.com/67547d896ca857205d0d89a6/67547d896ca857205d0d8cc0_Closeup Image.webp	67547d896ca857205d0d8cc0_Closeup Image.webp		services
https://cdn.prod.website-files.com/67547d896ca857205d0d89a6/67547d896ca857205d0d8cc1_view-futuristic-classroom-students (1) 1.avif	67547d896ca857205d0d8cc1_view-futuristic-classroom-students (1) 1.avif		services
https://cdn.prod.website-files.com/67547d896ca857205d0d89a6/67547d896ca857205d0d8cc5_Virtual Image (1).webp	67547d896ca857205d0d8cc5_Virtual Image (1).webp		services
https://cdn.prod.website-files.com/67547d896ca857205d0d89a6/67547d896ca857205d0d8cc6_%25.svg	67547d896ca857205d0d8cc6_%.svg		service-details,service-one,service-two,services
https://cdn.prod.website-files.com/67547d896ca857205d0d89a6/67547d896ca857205d0d8cc7_Client Icon One.svg	67547d896ca857205d0d8cc7_Client Icon One.svg		portfolio-details/devinas-enterprises,portfolio-details/kings-enterprise-nv,portfolio-details/smart-connexxionz,portfolio-details/the-coffee-box
https://cdn.prod.website-files.com/67547d896ca857205d0d89a6/67547d896ca857205d0d8cc8_Client Icon Two.svg	67547d896ca857205d0d8cc8_Client Icon Two.svg		portfolio-details/devinas-enterprises,portfolio-details/kings-enterprise-nv,portfolio-details/smart-connexxionz,portfolio-details/the-coffee-box
https://cdn.prod.website-files.com/67547d896ca857205d0d89a6/67547d896ca857205d0d8cd2_cross.svg	67547d896ca857205d0d8cd2_cross.svg		service-one,service-two
https://cdn.prod.website-files.com/67547d896ca857205d0d89a6/67547d896ca857205d0d8d27_bg (4).webp	67547d896ca857205d0d8d27_bg (4).webp		about
https://cdn.prod.website-files.com/67547d896ca857205d0d89a6/67547d896ca857205d0d8d2b_batch (1).svg	67547d896ca857205d0d8d2b_batch (1).svg		about-two,service-details
https://cdn.prod.website-files.com/67547d896ca857205d0d89a6/67547d896ca857205d0d8d2c_batch.svg	67547d896ca857205d0d8d2c_batch.svg		about-two,service-details
https://cdn.prod.website-files.com/67547d896ca857205d0d89a6/67547d896ca857205d0d8d2d_Group 2420.svg	67547d896ca857205d0d8d2d_Group 2420.svg		about-two,service-details
https://cdn.prod.website-files.com/67547d896ca857205d0d89a6/67547d896ca857205d0d8d2e_batch (2).svg	67547d896ca857205d0d8d2e_batch (2).svg		about-two,service-details
https://cdn.prod.website-files.com/67547d896ca857205d0d89a6/677bf73de07172404a54c86e_radial.svg	677bf73de07172404a54c86e_radial.svg		home
https://cdn.prod.website-files.com/67547d896ca857205d0d89a6/677c12c7c3ad0926e4103ff4_TAD_gif-poster-00001.jpg	677c12c7c3ad0926e4103ff4_TAD_gif-poster-00001.jpg		home
https://cdn.prod.website-files.com/67547d896ca857205d0d89a6/677c12c7c3ad0926e4103ff4_TAD_gif-transcode.mp4	677c12c7c3ad0926e4103ff4_TAD_gif-transcode.mp4		home
https://cdn.prod.website-files.com/67547d896ca857205d0d89a6/677d1f2a2cc087c27a98ce59_TAD-assets.png	677d1f2a2cc087c27a98ce59_TAD-assets.png		home
https://cdn.prod.website-files.com/67547d896ca857205d0d89a6/677d1f456eb15d5e2b08cde2_TAD-assets1.png	677d1f456eb15d5e2b08cde2_TAD-assets1.png		home
https://cdn.prod.website-files.com/67547d896ca857205d0d89a6/677d26a77ac1faf5b8ec449f_TAD-Logo-OriginalWit.png	677d26a77ac1faf5b8ec449f_TAD-Logo-OriginalWit.png		home,about,about-two,blog,blog-two,careers,contact-one,contact-two,contact-us,home-three,home-two,portfolio,portfolio-details/devinas-enterprises,portfolio-details/kings-enterprise-nv,portfolio-details/smart-connexxionz,portfolio-details/the-coffee-box,portfolio-two,service-details,service-one,service-two,services
https://cdn.prod.website-files.com/67547d896ca857205d0d89a6/677d41abffb0c0b61fc5d9cb_service-1.png	677d41abffb0c0b61fc5d9cb_service-1.png		home
https://cdn.prod.website-files.com/67547d896ca857205d0d89a6/677d466340808a208a402c87_mobile.png	677d466340808a208a402c87_mobile.png		home
https://cdn.prod.website-files.com/67547d896ca857205d0d89a6/677d46f097e85ea0e17be854_marketing.png	677d46f097e85ea0e17be854_marketing.png		home
https://cdn.prod.website-files.com/67547d896ca857205d0d89a6/677d47664a2d3faad8e7b897_e-commerce.png	677d47664a2d3faad8e7b897_e-commerce.png		home
https://cdn.prod.website-files.com/67547d896ca857205d0d89a6/677d6eaa1abfee6fe5c8eab5_contact.jpg	677d6eaa1abfee6fe5c8eab5_contact.jpg		contact-us
https://cdn.prod.website-files.com/67547d896ca857205d0d89a6/678536301f4b20ad2f066377_about.jpg	678536301f4b20ad2f066377_about.jpg		about
https://cdn.prod.website-files.com/67547d896ca857205d0d89a6/6790ee24bc9d6f8c16738951_client-smart-logo.png	6790ee24bc9d6f8c16738951_client-smart-logo.png		home
https://cdn.prod.website-files.com/67547d896ca857205d0d89a6/6790ef7d311bae62dc203831_client-heineken-logo.png	6790ef7d311bae62dc203831_client-heineken-logo.png		home
https://cdn.prod.website-files.com/67547d896ca857205d0d89a6/6790f0bf669eda42c260fae2_client-telesur-logo.png	6790f0bf669eda42c260fae2_client-telesur-logo.png		home
https://cdn.prod.website-files.com/67547d896ca857205d0d89a6/6790f0ed0450956b75c3799c_client-kings-logo.png	6790f0ed0450956b75c3799c_client-kings-logo.png		home
https://cdn.prod.website-files.com/67547d896ca857205d0d89a6/6790f13b2570f981ef59fbb3_client-parbo-logo.png	6790f13b2570f981ef59fbb3_client-parbo-logo.png		home
https://cdn.prod.website-files.com/67547d896ca857205d0d89a6/6790f17570b40fd80ee474b8_client-fernandes-logo.png	6790f17570b40fd80ee474b8_client-fernandes-logo.png		home
https://cdn.prod.website-files.com/67547d896ca857205d0d89a6/6790f1a434c6aa07553c9f80_client-tba-logo.png	6790f1a434c6aa07553c9f80_client-tba-logo.png		home
https://cdn.prod.website-files.com/67547d896ca857205d0d89a6/6790f1db963d8d9bdbfefe4c_client-chuck-logo.png	6790f1db963d8d9bdbfefe4c_client-chuck-logo.png		home
https://cdn.prod.website-files.com/67547d896ca857205d0d89a6/6790f237e0b183d46e41be6a_client-allstar-logo.png	6790f237e0b183d46e41be6a_client-allstar-logo.png		home
https://cdn.prod.website-files.com/67547d896ca857205d0d89a6/6790f2600ad4201c8445e73e_client-dw-logo.png	6790f2600ad4201c8445e73e_client-dw-logo.png		home
https://cdn.prod.website-files.com/67547d896ca857205d0d89a6/6790f2949b87ad14d87d8eaa_client-maze-logo.png	6790f2949b87ad14d87d8eaa_client-maze-logo.png		home
https://cdn.prod.website-files.com/67547d896ca857205d0d89a6/6790f3d8b7d0644536cbec87_client-queens-logo.png	6790f3d8b7d0644536cbec87_client-queens-logo.png		home
https://cdn.prod.website-files.com/67547d896ca857205d0d89a6/6790fe4dc464d8dcbfd95ad7_tad-group-1.png.jpeg	6790fe4dc464d8dcbfd95ad7_tad-group-1.png.jpeg		home
https://cdn.prod.website-files.com/67547d896ca857205d0d89a6/67910146cc6ce3fcb56fea3d_tad-group-2.png.jpeg	67910146cc6ce3fcb56fea3d_tad-group-2.png.jpeg		home
https://cdn.prod.website-files.com/67547d896ca857205d0d89a6/679101943f8dba921d32d2f7_tad-group-3.png.jpeg	679101943f8dba921d32d2f7_tad-group-3.png.jpeg		home
https://cdn.prod.website-files.com/67547d896ca857205d0d89a6/67925a0db9df1b47d9bc770d_career.jpg	67925a0db9df1b47d9bc770d_career.jpg		careers
https://cdn.prod.website-files.com/67547d896ca857205d0d89a6/679260f65ee92f1146139812_services.png	679260f65ee92f1146139812_services.png		services
https://cdn.prod.website-files.com/67547d896ca857205d0d89a6/67a618d62ed82c9507467c2c_Logomark.png	67a618d62ed82c9507467c2c_Logomark.png		home,about,about-two,blog,blog-two,careers,contact-one,contact-two,contact-us,home-three,home-two,portfolio,portfolio-details/devinas-enterprises,portfolio-details/kings-enterprise-nv,portfolio-details/smart-connexxionz,portfolio-details/the-coffee-box,portfolio-two,service-details,service-one,service-two,services
https://cdn.prod.website-files.com/67547d896ca857205d0d89a6/67a618defefd39c694cda3a4_Logomark-2.png	67a618defefd39c694cda3a4_Logomark-2.png		home,about,about-two,blog,blog-two,careers,contact-one,contact-two,contact-us,home-three,home-two,portfolio,portfolio-details/devinas-enterprises,portfolio-details/kings-enterprise-nv,portfolio-details/smart-connexxionz,portfolio-details/the-coffee-box,portfolio-two,service-details,service-one,service-two,services
https://cdn.prod.website-files.com/67547d896ca857205d0d8a25/67547d896ca857205d0d8a28_Portfolio 2.webp	67547d896ca857205d0d8a28_Portfolio 2.webp		home-three,portfolio-details/the-coffee-box
https://cdn.prod.website-files.com/67547d896ca857205d0d8a25/67547d896ca857205d0d8aec_Portfolio 8.webp	67547d896ca857205d0d8aec_Portfolio 8.webp		home-three,portfolio-details/devinas-enterprises
https://cdn.prod.website-files.com/67547d896ca857205d0d8a25/67547d896ca857205d0d8c2d_Team Member 4.webp	67547d896ca857205d0d8c2d_Team Member 4.webp		about-two,home-two,service-one
https://cdn.prod.website-files.com/67547d896ca857205d0d8a25/67547d896ca857205d0d8c45_Team Member 3.webp	67547d896ca857205d0d8c45_Team Member 3.webp		about-two,home-two,service-one
https://cdn.prod.website-files.com/67547d896ca857205d0d8a25/67547d896ca857205d0d8c5a_Team Member 2.webp	67547d896ca857205d0d8c5a_Team Member 2.webp		about-two,home-two,service-one
https://cdn.prod.website-files.com/67547d896ca857205d0d8a25/67547d896ca857205d0d8c77_Team Member 1.webp	67547d896ca857205d0d8c77_Team Member 1.webp		about-two,home-two,service-one
https://cdn.prod.website-files.com/67547d896ca857205d0d8a25/677c18f985acdeceabbb7149_smartc.jpg	677c18f985acdeceabbb7149_smartc.jpg		home,about,home-two,service-one,service-two
https://cdn.prod.website-files.com/67547d896ca857205d0d8a25/677d27ffc7548dc2dea73ea4_Coffee_Box_concept_1.jpg	677d27ffc7548dc2dea73ea4_Coffee_Box_concept_1.jpg		home,about,home-two,portfolio,portfolio-two,service-one,service-two
https://cdn.prod.website-files.com/67547d896ca857205d0d8a25/677d2a0f46899a7c32728879_Smart_Connexxionz_concept_1.jpg	677d2a0f46899a7c32728879_Smart_Connexxionz_concept_1.jpg		home-three,portfolio-details/smart-connexxionz
https://cdn.prod.website-files.com/67547d896ca857205d0d8a25/677d2a6ac7548dc2dea9cca9_Kings_Enterprises_NV_concept_1.jpg	677d2a6ac7548dc2dea9cca9_Kings_Enterprises_NV_concept_1.jpg		home,about,home-two,service-one,service-two
https://cdn.prod.website-files.com/67547d896ca857205d0d8a25/677d2ac5f25a45b165cf3361_Devinas_Enterprises.jpg	677d2ac5f25a45b165cf3361_Devinas_Enterprises.jpg		home,about,home-two,portfolio,portfolio-two,service-one,service-two
https://cdn.prod.website-files.com/67547d896ca857205d0d8a25/677ebbb8e31103a57459c4cd_blog1.jpg	677ebbb8e31103a57459c4cd_blog1.jpg		blog
https://cdn.prod.website-files.com/67547d896ca857205d0d8a25/677ebedf4ea0511faf954161_blog2.jpg	677ebedf4ea0511faf954161_blog2.jpg		blog
https://cdn.prod.website-files.com/67547d896ca857205d0d8a25/677ebf5db261076d919185bc_blog3.jpg	677ebf5db261076d919185bc_blog3.jpg		blog
https://cdn.prod.website-files.com/67547d896ca857205d0d8a25/67a64b07bcfa62c57070cb94_kings.jpg	67a64b07bcfa62c57070cb94_kings.jpg		home-three,portfolio-details/kings-enterprise-nv
